--- TEAM NAME: CARPE DATA
--- TEAM MEMBERS: CLARK, DHARMA, DANIEL

--- PUT ANY RECENT CHANGES HERE ---
/*



ADDED SAMPLE DATA
ADDED DOMAIN FOR THE TIME THE STORE CAN BE OPEN AND PURCHASE MADE



*/


---CREATE SCHEMA
DROP SCHEMA IF EXISTS COFFEE_BOUTIQUE CASCADE ;
CREATE SCHEMA IF NOT EXISTS COFFEE_BOUTIQUE;

---DROP SCHEMAS
DROP SCHEMA IF EXISTS STORE CASCADE;
DROP SCHEMA IF EXISTS COFFEE CASCADE;
DROP SCHEMA IF EXISTS CUSTOMER CASCADE;
DROP SCHEMA IF EXISTS PHONE CASCADE;
DROP SCHEMA IF EXISTS SALE CASCADE;
DROP SCHEMA IF EXISTS PARTICIPATES CASCADE;
DROP SCHEMA IF EXISTS PROMOTION CASCADE;
DROP SCHEMA IF EXISTS PROMOTES CASCADE;

DROP DOMAIN IF EXISTS type_store CASCADE;
DROP DOMAIN IF EXISTS level CASCADE;
DROP DOMAIN IF EXISTS phone_enum CASCADE;
DROP DOMAIN IF EXISTS months CASCADE;


--- HOW TO INITIALIZE THE CLOCK TO SEPT 1 2022
SELECT NOW();

CREATE DOMAIN COFFEE_BOUTIQUE.type_store AS VARCHAR(7)
    CHECK ( (VALUE IN ('sitting', 'kiosk')) );

CREATE TABLE IF NOT EXISTS COFFEE_BOUTIQUE.STORE(
    store_ID integer,
    name varchar(50) UNIQUE NOT NULL,
    store_type COFFEE_BOUTIQUE.type_store NOT NULL,
    gps_Long float NOT NULL,
    gps_Lat float NOT NULL,

    CONSTRAINT PK_STORE PRIMARY KEY(store_ID)
    );


CREATE TABLE IF NOT EXISTS COFFEE_BOUTIQUE.COFFEE(
    coffee_ID integer,
    name varchar(50) NOT NULL,
    description varchar(250),
    country_of_origin varchar(60),
    intensity integer NOT NULL
        CHECK ( intensity >= 1 AND intensity <= 12 ),
    price float NOT NULL
        CHECK ( price >= 0 ),
    reward_points float NOT NULL DEFAULT 0
        CHECK ( reward_points >= 0 ),
    redeem_points float NOT NULL DEFAULT 0
        CHECK ( redeem_points >= 0 ),

    CONSTRAINT PK_COFFEE PRIMARY KEY(coffee_ID)

    );


CREATE DOMAIN COFFEE_BOUTIQUE.level AS varchar(10)
    CHECK ( (VALUE IN ('basic', 'bronze', 'silver', 'gold', 'platinum', 'diamond')) );

CREATE DOMAIN COFFEE_BOUTIQUE.months AS varchar(3)
    CHECK ( (VALUE IN ('JAN', 'FEB', 'MAR', 'APR', 'MAY', 'JUN', 'JUL', 'AUG', 'SEP', 'OCT', 'NOV', 'DEC')) );

CREATE TABLE IF NOT EXISTS COFFEE_BOUTIQUE.CUSTOMER(
    customer_ID integer,
    first varchar(50) NOT NULL,
    last varchar(50),
    middle_initial char(1),
    day_of_birth char(2),
    month_of_birth COFFEE_BOUTIQUE.months,
    loyalty_level COFFEE_BOUTIQUE.level,
    points_earned float NOT NULL DEFAULT 0
        CHECK ( points_earned >= 0 ),

    CONSTRAINT PK_CUSTOMER PRIMARY KEY(customer_ID)

    );


CREATE DOMAIN COFFEE_BOUTIQUE.phone_enum AS varchar(6)
    CHECK ( (VALUE IN ('home', 'mobile', 'work', 'other')) );

CREATE TABLE IF NOT EXISTS COFFEE_BOUTIQUE.PHONE(
    customer_ID integer,
    phone_number varchar(16),
    phone_type COFFEE_BOUTIQUE.phone_enum NOT NULL,

    CONSTRAINT PK_PHONE PRIMARY KEY (customer_ID, phone_number),

    FOREIGN KEY (customer_ID) REFERENCES COFFEE_BOUTIQUE.CUSTOMER (customer_ID)
        ON UPDATE CASCADE ON DELETE CASCADE

    );

CREATE TABLE IF NOT EXISTS COFFEE_BOUTIQUE.SALE(
    sale_ID integer,
    customer_ID integer,
    store_ID integer,
    coffee_ID integer,
    quantity integer NOT NULL DEFAULT 1
        CHECK ( quantity >= 1 ),
    purchase_time time NOT NULL
        CHECK ( purchase_time >= '08:00' and purchase_time <= '18:00' ),
    purchase_portion float NOT NULL,
    redeem_portion float NOT NULL DEFAULT 0,

    CONSTRAINT PK_SALE PRIMARY KEY (sale_ID),

    FOREIGN KEY (customer_ID) REFERENCES COFFEE_BOUTIQUE.CUSTOMER (customer_id)
        ON UPDATE CASCADE ON DELETE NO ACTION ,

    FOREIGN KEY (store_ID) REFERENCES COFFEE_BOUTIQUE.STORE (store_id)
        ON UPDATE CASCADE ON DELETE NO ACTION ,

    FOREIGN KEY (coffee_ID) REFERENCES COFFEE_BOUTIQUE.COFFEE (coffee_id)
        ON UPDATE CASCADE ON DELETE NO ACTION

    );



CREATE TABLE IF NOT EXISTS COFFEE_BOUTIQUE.PROMOTION(
    promotion_ID integer,
    name varchar(50) NOT NULL,
    start_date date NOT NULL,
    end_date date NOT NULL
        CHECK ( PROMOTION.end_date >= PROMOTION.start_date ),

    CONSTRAINT PK_PROMOTION PRIMARY KEY (promotion_ID)

    );


CREATE TABLE IF NOT EXISTS COFFEE_BOUTIQUE.PARTICIPATES(
    promotion_ID integer,
    store_ID integer,

    CONSTRAINT PK_PARTICIPATES PRIMARY KEY (promotion_ID, store_ID),

    FOREIGN KEY (promotion_ID) REFERENCES COFFEE_BOUTIQUE.PROMOTION (promotion_id)
        ON UPDATE CASCADE ON DELETE CASCADE,

    FOREIGN KEY (store_ID) REFERENCES COFFEE_BOUTIQUE.STORE (store_ID)
        ON UPDATE CASCADE ON DELETE CASCADE

    );


CREATE TABLE IF NOT EXISTS COFFEE_BOUTIQUE.PROMOTES(
    promotion_ID integer,
    coffee_ID integer,

    CONSTRAINT PK_PROMOTES PRIMARY KEY (promotion_ID, coffee_ID),

    FOREIGN KEY (promotion_ID) REFERENCES COFFEE_BOUTIQUE.PROMOTION (promotion_id)
        ON UPDATE CASCADE ON DELETE CASCADE,

    FOREIGN KEY (coffee_ID) REFERENCES COFFEE_BOUTIQUE.COFFEE (coffee_id)
        ON UPDATE CASCADE ON DELETE CASCADE

    );

---------------------------------------------------------
---------------------- Sample Data ----------------------
---------------------------------------------------------

-------------------3 stores-------------------
INSERT INTO COFFEE_BOUTIQUE.STORE VALUES (1, 'Coffee_store#1', 'sitting', 123.456, 654.321);
INSERT INTO COFFEE_BOUTIQUE.STORE VALUES (2, 'Coffee_store#2', 'kiosk', 010.999, 101.555);
INSERT INTO COFFEE_BOUTIQUE.STORE VALUES (3, 'Coffee_store#3', 'sitting', 135.789, 246.789);

-------------------20 Customers-------------------
INSERT INTO COFFEE_BOUTIQUE.CUSTOMER VALUES (1, 'Abraham', 'Arden', 'S', '5', 'MAR', NULL, 0);
INSERT INTO COFFEE_BOUTIQUE.CUSTOMER VALUES (2, 'Garnett', 'Douglas', 'J', '10', 'OCT', 'basic', 0);
INSERT INTO COFFEE_BOUTIQUE.CUSTOMER VALUES (3, 'Foster', 'Russel', 'T', '18', 'JAN', 'bronze', 0);
INSERT INTO COFFEE_BOUTIQUE.CUSTOMER VALUES (4, 'Lorne', 'Roscoe', 'T', '8', 'SEP', 'silver', 0);
INSERT INTO COFFEE_BOUTIQUE.CUSTOMER VALUES (5, 'Emery', 'Meredith', 'S', '7', 'APR', 'gold', 0);
INSERT INTO COFFEE_BOUTIQUE.CUSTOMER VALUES (6, 'Neville', 'Cordell', 'P', '3', 'APR', 'platinum', 0);
INSERT INTO COFFEE_BOUTIQUE.CUSTOMER VALUES (7, 'Clarence', 'Marion', 'R', '5', 'MAY', 'diamond', 0);
INSERT INTO COFFEE_BOUTIQUE.CUSTOMER VALUES (8, 'Damian', 'Mortimer', 'B', '4', 'JUN', NULL, 0);
INSERT INTO COFFEE_BOUTIQUE.CUSTOMER VALUES (9, 'Ellis', 'Monroe', 'B', '1', 'OCT', 'basic', 0);
INSERT INTO COFFEE_BOUTIQUE.CUSTOMER VALUES (10, 'Wilfrid', 'Jeremiah', 'W', '10', 'JUL', 'bronze', 0);
INSERT INTO COFFEE_BOUTIQUE.CUSTOMER VALUES (11, 'Jerold', 'Randolf', 'M', '19', 'DEC', 'silver', 0);
INSERT INTO COFFEE_BOUTIQUE.CUSTOMER VALUES (12, 'Elroy', 'Edgar', 'C', '24', 'MAR', 'gold', 0);
INSERT INTO COFFEE_BOUTIQUE.CUSTOMER VALUES (13, 'Alexander', 'Warren', 'S', '2', 'SEP', 'platinum', 0);
INSERT INTO COFFEE_BOUTIQUE.CUSTOMER VALUES (14, 'Cavan', 'Foster', 'B', '2', 'DEC', 'diamond', 0);
INSERT INTO COFFEE_BOUTIQUE.CUSTOMER VALUES (15, 'Brandt', 'Sunny', 'E', '7', 'AUG', NULL, 0);
INSERT INTO COFFEE_BOUTIQUE.CUSTOMER VALUES (16, 'Zach', 'Leslie', 'B', '6', 'NOV', 'basic', 0);
INSERT INTO COFFEE_BOUTIQUE.CUSTOMER VALUES (17, 'Lindsay', 'Adrian', 'F', '13', 'FEB', 'bronze', 0);
INSERT INTO COFFEE_BOUTIQUE.CUSTOMER VALUES (18, 'Elton', 'Emmett', 'B', '19', 'FEB', 'silver', 0);
INSERT INTO COFFEE_BOUTIQUE.CUSTOMER VALUES (19, 'Bryon', 'Garnet', 'W', '15', 'NOV', 'gold', 0);
INSERT INTO COFFEE_BOUTIQUE.CUSTOMER VALUES (20, 'Ford', 'Phillip', 'A', '13', 'AUG', 'platinum', 0);

-------------------12 COFFEES-------------------
INSERT INTO COFFEE_BOUTIQUE.COFFEE VALUES (1, 'Caffe Latte', 'Basic Coffee', 'Canada', 1, 2.95, 29.5, 88.5);
INSERT INTO COFFEE_BOUTIQUE.COFFEE VALUES (2, 'Caffe Mocha', 'Basic Coffee', 'Hungary', 2, 3.65, 36.5, 109.5);
INSERT INTO COFFEE_BOUTIQUE.COFFEE VALUES (3, 'White Chocolate Mocha', 'Basic Coffee', 'United States', 3, 4.15, 41.5, 124.5);
INSERT INTO COFFEE_BOUTIQUE.COFFEE VALUES (4, 'Freshly Brewed Coffee', 'Basic Coffee', 'Indonesia', 4, 4.65, 46.5, 139.5);
INSERT INTO COFFEE_BOUTIQUE.COFFEE VALUES (5, 'Cinnamon Dolce Latte', 'Basic Coffee', 'Brazil', 5, 7.30, 73.0, 219);
INSERT INTO COFFEE_BOUTIQUE.COFFEE VALUES (6, 'Skinny Vanilla Latte', 'Basic Coffee', 'Russia', 6, 3.45, 34.5, 103.5);
INSERT INTO COFFEE_BOUTIQUE.COFFEE VALUES (7, 'Caramel Macchiato', 'Basic Coffee', 'France', 7, 7.45, 74.5, 223.5);
INSERT INTO COFFEE_BOUTIQUE.COFFEE VALUES (8, 'Caramel Flan Latte', 'Basic Coffee', 'Monaco', 8, 7.15, 71.5, 214.5);
INSERT INTO COFFEE_BOUTIQUE.COFFEE VALUES (9, 'Flat White', 'Basic Coffee', 'Denmark', 9, 7.80, 78.0, 234);
INSERT INTO COFFEE_BOUTIQUE.COFFEE VALUES (10, 'Skinny Peppermint Mocha', 'Basic Coffee', 'Australia', 10, 7.15, 71.5, 214.5);
INSERT INTO COFFEE_BOUTIQUE.COFFEE VALUES (11, 'Pumpkin Spice Latte', 'Basic Coffee', 'Japan', 11, 7.30, 73.0, 219);
INSERT INTO COFFEE_BOUTIQUE.COFFEE VALUES (12, 'Toasted Graham Latte', 'Basic Coffee', 'Peru', 12, 7.95, 79.5, 238.5);

-------------------3 PROMOTIONS-------------------
INSERT INTO COFFEE_BOUTIQUE.PROMOTION VALUES (1, 'Grand Opening', '10-15-2022', '11-15-2022');
INSERT INTO COFFEE_BOUTIQUE.PROMOTION VALUES (2, 'Fall Specials', '09-02-2022', '11-01-2022');
INSERT INTO COFFEE_BOUTIQUE.PROMOTION VALUES (3, 'Winter Extravaganza', '11-15-2022', '2-01-2023');

-------------------50 SALES-------------------

INSERT INTO COFFEE_BOUTIQUE.SALE VALUES (1, 1, 1, 1, 2, '10:15', 5.90, 0);
INSERT INTO COFFEE_BOUTIQUE.SALE VALUES (2, 2, 2, 2, 1, '08:23', 3.65, 0);
INSERT INTO COFFEE_BOUTIQUE.SALE VALUES (3, 3, 3, 3, 2, '16:24', 8.30, 0);
INSERT INTO COFFEE_BOUTIQUE.SALE VALUES (4, 4, 1, 4, 3, '12:35', 13.95, 0);
INSERT INTO COFFEE_BOUTIQUE.SALE VALUES (5, 5, 2, 5, 1, '08:37', 7.30, 0);
INSERT INTO COFFEE_BOUTIQUE.SALE VALUES (6, 6, 3, 6, 1, '17:48', 3.45, 0);
INSERT INTO COFFEE_BOUTIQUE.SALE VALUES (7, 7, 1, 7, 1, '14:49', 7.45, 0);
INSERT INTO COFFEE_BOUTIQUE.SALE VALUES (8, 8, 2, 8, 2, '12:55', 14.30, 0);
INSERT INTO COFFEE_BOUTIQUE.SALE VALUES (9, 9, 3, 9, 1, '13:54', 7.80, 0);
INSERT INTO COFFEE_BOUTIQUE.SALE VALUES (10, 10, 1, 10, 1, '08:02', 7.15, 0);
INSERT INTO COFFEE_BOUTIQUE.SALE VALUES (11, 11, 2, 11, 2, '15:03', 14.60, 0);
INSERT INTO COFFEE_BOUTIQUE.SALE VALUES (12, 12, 3, 12, 3, '14:15', 23.85, 0);
INSERT INTO COFFEE_BOUTIQUE.SALE VALUES (13, 13, 1, 1, 1, '10:17', 2.95, 0);
INSERT INTO COFFEE_BOUTIQUE.SALE VALUES (14, 14, 2, 2, 1, '12:55', 3.65, 0);
INSERT INTO COFFEE_BOUTIQUE.SALE VALUES (15, 15, 3, 3, 1, '09:26', 4.15, 0);
INSERT INTO COFFEE_BOUTIQUE.SALE VALUES (16, 16, 1, 4, 2, '13:36', 9.30, 0);
INSERT INTO COFFEE_BOUTIQUE.SALE VALUES (17, 17, 2, 5, 2, '14:35', 14.60, 0);
INSERT INTO COFFEE_BOUTIQUE.SALE VALUES (18, 18, 3, 6, 1, '13:40', 3.45, 0);
INSERT INTO COFFEE_BOUTIQUE.SALE VALUES (19, 19, 1, 7, 2, '16:45', 14.90, 0);
INSERT INTO COFFEE_BOUTIQUE.SALE VALUES (20, 20, 2, 8, 1, '13:55', 7.15, 0);
INSERT INTO COFFEE_BOUTIQUE.SALE VALUES (21, 1, 3, 9, 1, '10:55', 7.80, 0);
INSERT INTO COFFEE_BOUTIQUE.SALE VALUES (22, 2, 1, 10, 1, '15:06', 7.15, 0);
INSERT INTO COFFEE_BOUTIQUE.SALE VALUES (23, 3, 2, 11, 2, '13:05', 14.60, 0);
INSERT INTO COFFEE_BOUTIQUE.SALE VALUES (24, 4, 3, 12, 1, '10:10', 7.95, 0);
INSERT INTO COFFEE_BOUTIQUE.SALE VALUES (25, 5, 1, 1, 1, '12:14', 2.95, 0);
INSERT INTO COFFEE_BOUTIQUE.SALE VALUES (26, 6, 2, 2, 2, '13:20', 7.30, 0);
INSERT INTO COFFEE_BOUTIQUE.SALE VALUES (27, 7, 3, 3, 3, '14:25', 12.45, 0);
INSERT INTO COFFEE_BOUTIQUE.SALE VALUES (28, 8, 1, 4, 4, '13:33', 18.60, 0);
INSERT INTO COFFEE_BOUTIQUE.SALE VALUES (29, 9, 2, 5, 4, '09:36', 29.20, 0);
INSERT INTO COFFEE_BOUTIQUE.SALE VALUES (30, 10, 3, 6, 1, '13:48', 3.45, 0);
INSERT INTO COFFEE_BOUTIQUE.SALE VALUES (31, 11, 1, 7, 1, '16:49', 7.45, 0);
INSERT INTO COFFEE_BOUTIQUE.SALE VALUES (32, 12, 2, 8, 1, '17:54', 7.15, 0);
INSERT INTO COFFEE_BOUTIQUE.SALE VALUES (33, 13, 3, 9, 2, '13:54', 15.60, 0);
INSERT INTO COFFEE_BOUTIQUE.SALE VALUES (34, 14, 1, 10, 2, '10:02', 14.30, 0);
INSERT INTO COFFEE_BOUTIQUE.SALE VALUES (35, 15, 2, 11, 1, '12:05', 7.30, 0);
INSERT INTO COFFEE_BOUTIQUE.SALE VALUES (36, 16, 3, 12, 2, '13:10', 7.95, 0);
INSERT INTO COFFEE_BOUTIQUE.SALE VALUES (37, 17, 1, 1, 1, '16:12', 2.95, 0);
INSERT INTO COFFEE_BOUTIQUE.SALE VALUES (38, 18, 2, 2, 1, '09:20', 3.65, 0);
INSERT INTO COFFEE_BOUTIQUE.SALE VALUES (39, 19, 3, 3, 1, '15:24', 4.15, 0);
INSERT INTO COFFEE_BOUTIQUE.SALE VALUES (40, 20, 1, 4, 1, '09:30', 4.65, 0);
INSERT INTO COFFEE_BOUTIQUE.SALE VALUES (41, 1, 2, 5, 2, '12:30', 14.60, 0);
INSERT INTO COFFEE_BOUTIQUE.SALE VALUES (42, 2, 3, 6, 3, '14:44', 10.35, 0);
INSERT INTO COFFEE_BOUTIQUE.SALE VALUES (43, 3, 1, 7, 2, '17:47', 14.90, 0);
INSERT INTO COFFEE_BOUTIQUE.SALE VALUES (44, 4, 2, 8, 1, '16:50', 7.15, 0);
INSERT INTO COFFEE_BOUTIQUE.SALE VALUES (45, 5, 3, 9, 2, '15:51', 15.60, 0);
INSERT INTO COFFEE_BOUTIQUE.SALE VALUES (46, 6, 1, 10, 2, '10:00', 14.30, 0);
INSERT INTO COFFEE_BOUTIQUE.SALE VALUES (47, 7, 2, 11, 1, '12:01', 7.30, 0);
INSERT INTO COFFEE_BOUTIQUE.SALE VALUES (48, 8, 3, 12, 1, '16:12', 7.95, 0);
INSERT INTO COFFEE_BOUTIQUE.SALE VALUES (49, 9, 1, 1, 1, '17:13', 2.95, 0);
INSERT INTO COFFEE_BOUTIQUE.SALE VALUES (50, 10, 2, 2, 1, '11:20', 3.65, 0);